name,description,category,price_pence
Tesco Red Lentils 500g,Tesco Red Lentils 500g is a smart store cupboard choice pantry line good for family meals with repeat buy reliability valued at £6.40,Groceries & Essentials,640
Sainsburys Pork Sausages 8 pack,Sainsburys Pork Sausages 8 pack is a solid family option fresh selection ideal for fresh snacking with steady everyday performance marked at £4.66,Fresh Food,466
Morrisons Bakery Blueberry Muffins 4 pack,Morrisons Bakery Blueberry Muffins 4 pack is a good kitchen performance bakery option well suited to grab and go bites with straightforward prep listed at £5.32,Bakery,532
Goodfellas Stonebaked Pepperoni Pizza 332g,Goodfellas Stonebaked Pepperoni Pizza 332g is a practical everyday use frozen choice a strong pick for quick comfort food with clear usage expectations running at £3.82,Frozen Food,382
Haribo Starmix 175g,Haribo Starmix 175g is a smart store cupboard choice snack item commonly used in movie nights with good value balance currently at £5.40,Treats & Snacks,540
Tommee Tippee Closer to Nature Bottles 2 pack,Tommee Tippee Closer to Nature Bottles 2 pack is a solid family option baby and toddler product built around travel kits with easy shelf or fridge placement offered at £17.56,Baby & Toddler,1756
Mitchum Advanced Control Deodorant 200ml,Mitchum Advanced Control Deodorant 200ml is a good kitchen performance personal care product a practical choice for travel wash bag with repeat buy reliability at £9.59,Health & Beauty,959
Purina Gourmet Gold Cat Food 8 pack,Purina Gourmet Gold Cat Food 8 pack is a practical everyday use pet care line especially handy for training sessions with steady everyday performance coming in at £13.93,Pets,1393
Ariel All in One Pods 24 pack,Ariel All in One Pods 24 pack is a smart store cupboard choice household cleaner or utility item often selected for routine housework with straightforward prep shown at £13.41,Household & Cleaning,1341
Barilla Penne Rigate 500g,Barilla Penne Rigate 500g is a balanced profile pantry line often selected for lunch prep with useful household fit listed at £6.47,Groceries & Essentials,647
M&S Broccoli Florets 300g,M&S Broccoli Florets 300g is a reliable format fresh selection reliable across lunchbox planning with a practical pack size running at £4.60,Fresh Food,460
McCain Waffle Fries 650g,McCain Waffle Fries 650g is a steady value frozen choice designed for portion controlled prep with simple home handling offered at £6.72,Frozen Food,672
Walkers Cheese and Onion Crisps 6 pack,Walkers Cheese and Onion Crisps 6 pack is a balanced profile snack item good for sweet and savoury breaks with consistent in home results at £3.63,Treats & Snacks,363
Huggies Pure Baby Wipes 56 pack,Huggies Pure Baby Wipes 56 pack is a reliable format baby and toddler product ideal for nappy changes with familiar shopper confidence coming in at £4.63,Baby & Toddler,463
Garnier Micellar Cleansing Water 400ml,Garnier Micellar Cleansing Water 400ml is a easy repeat buy personal care product well suited to before work prep with useful household fit shown at £7.56,Health & Beauty,756
Burgess Hamster Food 750g,Burgess Hamster Food 750g is a steady value pet care line a strong pick for active pet days with a practical pack size set at £12.06,Pets,1206
Fairy Platinum Dishwasher Tablets 32 pack,Fairy Platinum Dishwasher Tablets 32 pack is a balanced profile household cleaner or utility item commonly used in family home upkeep with dependable storage life ticketed at £6.55,Household & Cleaning,655
Tesco Long Grain Rice 1kg,Tesco Long Grain Rice 1kg is a trusted quality pantry line commonly used in value focused shops with steady everyday performance currently at £7.22,Groceries & Essentials,722
Tesco British Beef Mince 5% Fat 500g,Tesco British Beef Mince 5% Fat 500g is a dependable household fit fresh selection built around salad bowls with straightforward prep offered at £12.66,Fresh Food,1266
Kingsmill Burger Buns 6 pack,Kingsmill Burger Buns 6 pack is a consistent results bakery option a practical choice for afternoon snacks with clear usage expectations at £1.86,Bakery,186
ASDA Frozen Garlic Bread Slices 260g,ASDA Frozen Garlic Bread Slices 260g is a well matched portioning frozen choice especially handy for family film nights with good value balance coming in at £6.47,Frozen Food,647
Foxs Chocolatey Rounds 130g,Foxs Chocolatey Rounds 130g is a trusted quality snack item often selected for weekend sharing with easy shelf or fridge placement shown at £6.40,Treats & Snacks,640
WaterWipes Plastic Free Wipes 60 pack,WaterWipes Plastic Free Wipes 60 pack is a dependable household fit baby and toddler product reliable across daily little one care with repeat buy reliability set at £3.00,Baby & Toddler,300
E45 Dermatological Cream 350g,E45 Dermatological Cream 350g is a consistent results personal care product easy to use in weekend reset with steady everyday performance ticketed at £5.09,Health & Beauty,509
Bakers Sizzlers Dog Treats 90g,Bakers Sizzlers Dog Treats 90g is a well matched portioning pet care line designed for treat rewards with straightforward prep priced at £7.77,Pets,777
Method Anti Bac Cleaner Wild Rhubarb 828ml,Method Anti Bac Cleaner Wild Rhubarb 828ml is a trusted quality household cleaner or utility item good for daily tidy ups with clear usage expectations valued at £8.07,Household & Cleaning,807
Uncle Bens Microwave Rice 250g,Uncle Bens Microwave Rice 250g is a smart store cupboard choice pantry line good for meal planning with a practical pack size at £6.59,Groceries & Essentials,659
ASDA Mixed Peppers 3 pack,ASDA Mixed Peppers 3 pack is a solid family option fresh selection ideal for quick kitchen prep with dependable storage life coming in at £3.67,Fresh Food,367
Tesco Bakery Chocolate Muffins 4 pack,Tesco Bakery Chocolate Muffins 4 pack is a good kitchen performance bakery option well suited to toast mornings with simple home handling shown at £7.38,Bakery,738
Linda McCartney Vegetarian Sausages 400g,Linda McCartney Vegetarian Sausages 400g is a practical everyday use frozen choice a strong pick for last minute suppers with consistent in home results set at £10.78,Frozen Food,1078
Cadbury Dairy Milk 180g,Cadbury Dairy Milk 180g is a smart store cupboard choice snack item commonly used in party bowls with familiar shopper confidence ticketed at £5.41,Treats & Snacks,541
Johnsons Baby Shampoo 500ml,Johnsons Baby Shampoo 500ml is a solid family option baby and toddler product built around bedtime routines with useful household fit priced at £8.89,Baby & Toddler,889
Petface Cat Toy Ball Set 4 pack,Petface Cat Toy Ball Set 4 pack is a practical everyday use pet care line especially handy for fussy eater support with dependable storage life marked at £20.79,Pets,2079
Vanish Oxi Action Stain Remover 1kg,Vanish Oxi Action Stain Remover 1kg is a smart store cupboard choice household cleaner or utility item often selected for kitchen clean downs with simple home handling listed at £7.36,Household & Cleaning,736
Sainsburys Peanut Butter 340g,Sainsburys Peanut Butter 340g is a balanced profile pantry line often selected for family meals with straightforward prep shown at £7.23,Groceries & Essentials,723
Morrisons Cucumber each,Morrisons Cucumber each is a reliable format fresh selection reliable across fresh snacking with clear usage expectations set at £4.75,Fresh Food,475
Hovis Soft White Medium 800g,Hovis Soft White Medium 800g is a easy repeat buy bakery option easy to use in grab and go bites with good value balance ticketed at £7.11,Bakery,711
Tesco Margherita Pizza 356g,Tesco Margherita Pizza 356g is a steady value frozen choice designed for quick comfort food with easy shelf or fridge placement priced at £6.91,Frozen Food,691
Pampers Harmonie Nappies Size 3 31 pack,Pampers Harmonie Nappies Size 3 31 pack is a reliable format baby and toddler product ideal for travel kits with steady everyday performance marked at £2.49,Baby & Toddler,249
Dove Original Beauty Bar 4 pack,Dove Original Beauty Bar 4 pack is a easy repeat buy personal care product well suited to travel wash bag with straightforward prep listed at £13.59,Health & Beauty,1359
Burgess Excel Rabbit Nuggets 1.5kg,Burgess Excel Rabbit Nuggets 1.5kg is a steady value pet care line a strong pick for training sessions with clear usage expectations running at £19.33,Pets,1933
Ambi Pur Air Freshener Cotton 300ml,Ambi Pur Air Freshener Cotton 300ml is a balanced profile household cleaner or utility item commonly used in routine housework with good value balance currently at £4.05,Household & Cleaning,405
Heinz Tomato Ketchup 460g,Heinz Tomato Ketchup 460g is a trusted quality pantry line commonly used in lunch prep with dependable storage life ticketed at £2.95,Groceries & Essentials,295
Yeo Valley Greek Yogurt 450g,Yeo Valley Greek Yogurt 450g is a dependable household fit fresh selection built around lunchbox planning with simple home handling priced at £1.91,Fresh Food,191
Brioche Pasquier Brioche Rolls 8 pack,Brioche Pasquier Brioche Rolls 8 pack is a consistent results bakery option a practical choice for burger nights with consistent in home results valued at £2.99,Bakery,299
Jacobs Mini Cheddars 150g,Jacobs Mini Cheddars 150g is a trusted quality snack item often selected for sweet and savoury breaks with useful household fit listed at £1.92,Treats & Snacks,192
Nuby Teething Gel 15g,Nuby Teething Gel 15g is a dependable household fit baby and toddler product reliable across nappy changes with a practical pack size running at £8.26,Baby & Toddler,826
Sensodyne Repair and Protect Toothpaste 75ml,Sensodyne Repair and Protect Toothpaste 75ml is a consistent results personal care product easy to use in before work prep with dependable storage life currently at £3.71,Health & Beauty,371
Pedigree Puppy Dry Food Chicken 2.8kg,Pedigree Puppy Dry Food Chicken 2.8kg is a well matched portioning pet care line designed for active pet days with simple home handling offered at £9.59,Pets,959
Andrex Gentle Clean Toilet Roll 9 pack,Andrex Gentle Clean Toilet Roll 9 pack is a trusted quality household cleaner or utility item good for family home upkeep with consistent in home results at £7.03,Household & Cleaning,703
Morrisons Gala Apples 6 pack,Morrisons Gala Apples 6 pack is a solid family option fresh selection ideal for salad bowls with good value balance marked at £3.32,Fresh Food,332
New York Bakery Original Bagels 5 pack,New York Bakery Original Bagels 5 pack is a good kitchen performance bakery option well suited to afternoon snacks with easy shelf or fridge placement listed at £5.57,Bakery,557
McVities Milk Chocolate Digestives 266g,McVities Milk Chocolate Digestives 266g is a smart store cupboard choice snack item commonly used in weekend sharing with steady everyday performance currently at £1.40,Treats & Snacks,140
Ella Kitchen The Red One Smoothie 90g,Ella Kitchen The Red One Smoothie 90g is a solid family option baby and toddler product built around daily little one care with straightforward prep offered at £3.68,Baby & Toddler,368
Colgate Total Original Toothpaste 75ml,Colgate Total Original Toothpaste 75ml is a good kitchen performance personal care product a practical choice for weekend reset with clear usage expectations at £4.53,Health & Beauty,453
Felix As Good As It Looks 12 pack,Felix As Good As It Looks 12 pack is a practical everyday use pet care line especially handy for treat rewards with good value balance coming in at £10.11,Pets,1011
Tesco Sea Salt 750g,Tesco Sea Salt 750g is a balanced profile pantry line often selected for meal planning with simple home handling listed at £5.09,Groceries & Essentials,509
Morrisons Avocados 2 pack,Morrisons Avocados 2 pack is a reliable format fresh selection reliable across quick kitchen prep with consistent in home results running at £7.14,Fresh Food,714
Tesco Bakery White Sourdough Loaf 500g,Tesco Bakery White Sourdough Loaf 500g is a easy repeat buy bakery option easy to use in toast mornings with familiar shopper confidence currently at £3.88,Bakery,388
Morrisons Chicken Nuggets 700g,Morrisons Chicken Nuggets 700g is a steady value frozen choice designed for last minute suppers with useful household fit offered at £9.74,Frozen Food,974
Metcalfes Sweet and Salt Popcorn 100g,Metcalfes Sweet and Salt Popcorn 100g is a balanced profile snack item good for party bowls with a practical pack size at £1.97,Treats & Snacks,197
Nivea Soft Moisturising Cream 200ml,Nivea Soft Moisturising Cream 200ml is a easy repeat buy personal care product well suited to home hygiene routines with simple home handling shown at £10.68,Health & Beauty,1068
Daz Whites and Colours Powder 1.8kg,Daz Whites and Colours Powder 1.8kg is a balanced profile household cleaner or utility item commonly used in kitchen clean downs with familiar shopper confidence ticketed at £11.74,Household & Cleaning,1174
Sainsburys Bananas 1kg,Sainsburys Bananas 1kg is a dependable household fit fresh selection built around fresh snacking with easy shelf or fridge placement offered at £7.29,Fresh Food,729
St Pierre Brioche Burger Buns 6 pack,St Pierre Brioche Burger Buns 6 pack is a consistent results bakery option a practical choice for grab and go bites with repeat buy reliability at £3.33,Bakery,333
KP Dry Roasted Peanuts 250g,KP Dry Roasted Peanuts 250g is a trusted quality snack item often selected for movie nights with straightforward prep shown at £7.04,Treats & Snacks,704
Organix Banana Puffcorn 20g,Organix Banana Puffcorn 20g is a dependable household fit baby and toddler product reliable across travel kits with clear usage expectations set at £11.07,Baby & Toddler,1107
Simplehuman Bin Liners Size J 20 pack,Simplehuman Bin Liners Size J 20 pack is a trusted quality household cleaner or utility item good for routine housework with repeat buy reliability valued at £7.07,Household & Cleaning,707
Tesco Free Range Eggs 12 pack,Tesco Free Range Eggs 12 pack is a solid family option fresh selection ideal for lunchbox planning with familiar shopper confidence coming in at £7.34,Fresh Food,734
Schar Gluten Free White Bread 300g,Schar Gluten Free White Bread 300g is a good kitchen performance bakery option well suited to burger nights with useful household fit shown at £3.98,Bakery,398
Birds Eye Garden Peas 900g,Birds Eye Garden Peas 900g is a practical everyday use frozen choice a strong pick for portion controlled prep with a practical pack size set at £6.96,Frozen Food,696
Ella Kitchen Strawberries Apples Pouch 120g,Ella Kitchen Strawberries Apples Pouch 120g is a solid family option baby and toddler product built around nappy changes with simple home handling priced at £19.07,Baby & Toddler,1907
Dove Deeply Nourishing Body Wash 450ml,Dove Deeply Nourishing Body Wash 450ml is a good kitchen performance personal care product a practical choice for before work prep with consistent in home results valued at £4.20,Health & Beauty,420
Innocent Orange Juice 1.35L,Innocent Orange Juice 1.35L is a reliable format fresh selection reliable across salad bowls with repeat buy reliability set at £11.11,Fresh Food,1111
Mission Soft Tortilla Wraps 8 pack,Mission Soft Tortilla Wraps 8 pack is a easy repeat buy bakery option easy to use in afternoon snacks with steady everyday performance ticketed at £1.28,Bakery,128
Ben and Jerrys Cookie Dough 465ml,Ben and Jerrys Cookie Dough 465ml is a steady value frozen choice designed for family film nights with straightforward prep priced at £1.70,Frozen Food,170
Sanex Zero Sensitive Shower Gel 450ml,Sanex Zero Sensitive Shower Gel 450ml is a easy repeat buy personal care product well suited to weekend reset with easy shelf or fridge placement listed at £1.94,Health & Beauty,194
Whiskas 1 Plus Dry Cat Food Chicken 1.9kg,Whiskas 1 Plus Dry Cat Food Chicken 1.9kg is a steady value pet care line a strong pick for treat rewards with repeat buy reliability running at £2.08,Pets,208
Flash Multi Surface Cleaner Lemon 950ml,Flash Multi Surface Cleaner Lemon 950ml is a balanced profile household cleaner or utility item commonly used in daily tidy ups with steady everyday performance currently at £16.54,Household & Cleaning,1654
Filippo Berio Olive Oil 500ml,Filippo Berio Olive Oil 500ml is a trusted quality pantry line commonly used in meal planning with familiar shopper confidence ticketed at £3.85,Groceries & Essentials,385
Sainsburys Seedless Grapes 500g,Sainsburys Seedless Grapes 500g is a dependable household fit fresh selection built around quick kitchen prep with useful household fit priced at £12.06,Fresh Food,1206
Sainsburys Bakery Wholemeal Loaf 800g,Sainsburys Bakery Wholemeal Loaf 800g is a consistent results bakery option a practical choice for toast mornings with a practical pack size valued at £3.27,Bakery,327
Tesco Ice Cubes 2kg,Tesco Ice Cubes 2kg is a well matched portioning frozen choice especially handy for last minute suppers with dependable storage life marked at £7.67,Frozen Food,767
Walkers Ready Salted Crisps 6 pack,Walkers Ready Salted Crisps 6 pack is a trusted quality snack item often selected for party bowls with simple home handling listed at £2.16,Treats & Snacks,216
Heinz Mum and Toddler Biscotti 60g,Heinz Mum and Toddler Biscotti 60g is a dependable household fit baby and toddler product reliable across bedtime routines with consistent in home results running at £4.69,Baby & Toddler,469
Lily Kitchen Woofbrush Dental Chew 7 pack,Lily Kitchen Woofbrush Dental Chew 7 pack is a well matched portioning pet care line designed for fussy eater support with useful household fit offered at £9.42,Pets,942
Dettol Power and Fresh Wipes 80 pack,Dettol Power and Fresh Wipes 80 pack is a trusted quality household cleaner or utility item good for kitchen clean downs with a practical pack size at £8.09,Household & Cleaning,809
Kelloggs Corn Flakes 500g,Kelloggs Corn Flakes 500g is a smart store cupboard choice pantry line good for family meals with repeat buy reliability valued at £5.72,Groceries & Essentials,572
Sainsburys Baby Potatoes 750g,Sainsburys Baby Potatoes 750g is a solid family option fresh selection ideal for fresh snacking with steady everyday performance marked at £12.53,Fresh Food,1253
Sainsburys Bakery Baguette each,Sainsburys Bakery Baguette each is a good kitchen performance bakery option well suited to grab and go bites with straightforward prep listed at £2.00,Bakery,200
Maoam Stripes 140g,Maoam Stripes 140g is a smart store cupboard choice snack item commonly used in movie nights with good value balance currently at £2.01,Treats & Snacks,201
Pampers Baby Dry Nappies Size 4 54 pack,Pampers Baby Dry Nappies Size 4 54 pack is a solid family option baby and toddler product built around travel kits with easy shelf or fridge placement offered at £8.58,Baby & Toddler,858
Oral B Indicator Toothbrush Medium 2 pack,Oral B Indicator Toothbrush Medium 2 pack is a good kitchen performance personal care product a practical choice for travel wash bag with repeat buy reliability at £13.82,Health & Beauty,1382
Bakers Meaty Meals Adult Dog Food 3kg,Bakers Meaty Meals Adult Dog Food 3kg is a practical everyday use pet care line especially handy for training sessions with steady everyday performance coming in at £13.14,Pets,1314
Flash Bathroom Spray 800ml,Flash Bathroom Spray 800ml is a smart store cupboard choice household cleaner or utility item often selected for routine housework with straightforward prep shown at £4.05,Household & Cleaning,405
Napolina Chopped Tomatoes 400g tin,Napolina Chopped Tomatoes 400g tin is a balanced profile pantry line often selected for lunch prep with useful household fit listed at £1.95,Groceries & Essentials,195
ASDA Cherry Tomatoes 330g,ASDA Cherry Tomatoes 330g is a reliable format fresh selection reliable across lunchbox planning with a practical pack size running at £9.80,Fresh Food,980
Tesco Bakery Mini Doughnuts 10 pack,Tesco Bakery Mini Doughnuts 10 pack is a easy repeat buy bakery option easy to use in burger nights with dependable storage life currently at £5.89,Bakery,589
Morrisons Frozen Mango Chunks 500g,Morrisons Frozen Mango Chunks 500g is a steady value frozen choice designed for portion controlled prep with simple home handling offered at £2.22,Frozen Food,222
Vaseline Aloe Soothe Body Lotion 400ml,Vaseline Aloe Soothe Body Lotion 400ml is a easy repeat buy personal care product well suited to before work prep with useful household fit shown at £10.53,Health & Beauty,1053
Felix Goody Bag Cat Treats 60g,Felix Goody Bag Cat Treats 60g is a steady value pet care line a strong pick for active pet days with a practical pack size set at £4.05,Pets,405
Finish Quantum Dishwasher Tablets 30 pack,Finish Quantum Dishwasher Tablets 30 pack is a balanced profile household cleaner or utility item commonly used in family home upkeep with dependable storage life ticketed at £14.54,Household & Cleaning,1454
Tesco Mature Cheddar 350g,Tesco Mature Cheddar 350g is a dependable household fit fresh selection built around salad bowls with straightforward prep offered at £11.76,Fresh Food,1176
Aunt Bessies Yorkshire Puddings 12 pack,Aunt Bessies Yorkshire Puddings 12 pack is a well matched portioning frozen choice especially handy for family film nights with good value balance coming in at £6.11,Frozen Food,611
Doritos Chilli Heatwave 180g,Doritos Chilli Heatwave 180g is a trusted quality snack item often selected for weekend sharing with easy shelf or fridge placement shown at £3.72,Treats & Snacks,372
Sure Men Invisible Ice Deodorant 250ml,Sure Men Invisible Ice Deodorant 250ml is a consistent results personal care product easy to use in weekend reset with steady everyday performance ticketed at £6.49,Health & Beauty,649
Winalot Shapes Dog Biscuits 700g,Winalot Shapes Dog Biscuits 700g is a well matched portioning pet care line designed for treat rewards with straightforward prep priced at £15.72,Pets,1572
Cif Cream Cleaner Original 500ml,Cif Cream Cleaner Original 500ml is a trusted quality household cleaner or utility item good for daily tidy ups with clear usage expectations valued at £15.58,Household & Cleaning,1558
Princes Tuna Chunks 4 pack,Princes Tuna Chunks 4 pack is a smart store cupboard choice pantry line good for meal planning with a practical pack size at £1.47,Groceries & Essentials,147
Co-op Baby Spinach 200g,Co-op Baby Spinach 200g is a solid family option fresh selection ideal for quick kitchen prep with dependable storage life coming in at £2.12,Fresh Food,212
Warburtons Toastie Thick White 800g,Warburtons Toastie Thick White 800g is a good kitchen performance bakery option well suited to toast mornings with simple home handling shown at £4.30,Bakery,430
Pringles Original 185g,Pringles Original 185g is a smart store cupboard choice snack item commonly used in party bowls with familiar shopper confidence ticketed at £1.72,Treats & Snacks,172
Lynx Africa Body Spray 150ml,Lynx Africa Body Spray 150ml is a good kitchen performance personal care product a practical choice for home hygiene routines with a practical pack size valued at £12.64,Health & Beauty,1264
Dettol Antibacterial Surface Spray 750ml,Dettol Antibacterial Surface Spray 750ml is a smart store cupboard choice household cleaner or utility item often selected for kitchen clean downs with simple home handling listed at £15.15,Household & Cleaning,1515
Tesco Carrots 1kg,Tesco Carrots 1kg is a reliable format fresh selection reliable across fresh snacking with clear usage expectations set at £4.93,Fresh Food,493
Warburtons White Pitta 6 pack,Warburtons White Pitta 6 pack is a easy repeat buy bakery option easy to use in grab and go bites with good value balance ticketed at £7.98,Bakery,798
Nature Valley Crunchy Oats 5 pack,Nature Valley Crunchy Oats 5 pack is a balanced profile snack item good for movie nights with repeat buy reliability valued at £2.87,Treats & Snacks,287
Cow and Gate Baby Rice 100g,Cow and Gate Baby Rice 100g is a reliable format baby and toddler product ideal for travel kits with steady everyday performance marked at £4.68,Baby & Toddler,468
Batiste Original Dry Shampoo 200ml,Batiste Original Dry Shampoo 200ml is a easy repeat buy personal care product well suited to travel wash bag with straightforward prep listed at £10.07,Health & Beauty,1007
Purina ONE Adult Dog Food 2.5kg,Purina ONE Adult Dog Food 2.5kg is a steady value pet care line a strong pick for training sessions with clear usage expectations running at £7.52,Pets,752
Ecover Laundry Liquid Non Bio 1.43L,Ecover Laundry Liquid Non Bio 1.43L is a balanced profile household cleaner or utility item commonly used in routine housework with good value balance currently at £6.28,Household & Cleaning,628
Hovis Seed Sensations 800g,Hovis Seed Sensations 800g is a consistent results bakery option a practical choice for burger nights with consistent in home results valued at £7.90,Bakery,790
Trek Protein Flapjack 3 pack,Trek Protein Flapjack 3 pack is a trusted quality snack item often selected for sweet and savoury breaks with useful household fit listed at £4.17,Treats & Snacks,417
HiPP Organic Baby Pasta Stars 320g,HiPP Organic Baby Pasta Stars 320g is a dependable household fit baby and toddler product reliable across nappy changes with a practical pack size running at £17.82,Baby & Toddler,1782
Tresemme Moisture Rich Shampoo 680ml,Tresemme Moisture Rich Shampoo 680ml is a consistent results personal care product easy to use in before work prep with dependable storage life currently at £2.66,Health & Beauty,266
Morrisons Chickpeas 400g tin,Morrisons Chickpeas 400g tin is a smart store cupboard choice pantry line good for value focused shops with clear usage expectations valued at £6.78,Groceries & Essentials,678
Birds Eye Sweetcorn 1kg,Birds Eye Sweetcorn 1kg is a practical everyday use frozen choice a strong pick for family film nights with repeat buy reliability running at £2.24,Frozen Food,224
Cow and Gate Follow On Milk 800g,Cow and Gate Follow On Milk 800g is a solid family option baby and toddler product built around daily little one care with straightforward prep offered at £13.62,Baby & Toddler,1362
Natures Menu Dog Food Tins 6 pack,Natures Menu Dog Food Tins 6 pack is a practical everyday use pet care line especially handy for treat rewards with good value balance coming in at £17.97,Pets,1797
Mr Muscle Kitchen Cleaner 500ml,Mr Muscle Kitchen Cleaner 500ml is a smart store cupboard choice household cleaner or utility item often selected for daily tidy ups with easy shelf or fridge placement shown at £9.80,Household & Cleaning,980
Tesco Bakery Butter Croissants 4 pack,Tesco Bakery Butter Croissants 4 pack is a easy repeat buy bakery option easy to use in toast mornings with familiar shopper confidence currently at £3.26,Bakery,326
Morrisons Frozen Spinach 1kg,Morrisons Frozen Spinach 1kg is a steady value frozen choice designed for last minute suppers with useful household fit offered at £2.62,Frozen Food,262
Aptamil Toddler Milk 1 Plus 800g,Aptamil Toddler Milk 1 Plus 800g is a reliable format baby and toddler product ideal for bedtime routines with dependable storage life coming in at £10.42,Baby & Toddler,1042
Nivea Men Sensitive Post Shave Balm 100ml,Nivea Men Sensitive Post Shave Balm 100ml is a easy repeat buy personal care product well suited to home hygiene routines with simple home handling shown at £12.15,Health & Beauty,1215
Domestos Thick Bleach Original 750ml,Domestos Thick Bleach Original 750ml is a balanced profile household cleaner or utility item commonly used in kitchen clean downs with familiar shopper confidence ticketed at £16.32,Household & Cleaning,1632
Co-op Sunflower Oil 1L,Co-op Sunflower Oil 1L is a trusted quality pantry line commonly used in family meals with good value balance currently at £6.04,Groceries & Essentials,604
Tesco Mixed Vegetables 1kg,Tesco Mixed Vegetables 1kg is a well matched portioning frozen choice especially handy for quick comfort food with steady everyday performance coming in at £3.34,Frozen Food,334
Kinder Bueno 5 pack,Kinder Bueno 5 pack is a trusted quality snack item often selected for movie nights with straightforward prep shown at £4.58,Treats & Snacks,458
Kendamil Organic Follow On Milk 800g,Kendamil Organic Follow On Milk 800g is a dependable household fit baby and toddler product reliable across travel kits with clear usage expectations set at £13.48,Baby & Toddler,1348
Head and Shoulders Classic Clean Shampoo 500ml,Head and Shoulders Classic Clean Shampoo 500ml is a consistent results personal care product easy to use in travel wash bag with good value balance ticketed at £1.78,Health & Beauty,178
Purina DentaLife Large Dog Chews 7 pack,Purina DentaLife Large Dog Chews 7 pack is a well matched portioning pet care line designed for training sessions with easy shelf or fridge placement priced at £5.82,Pets,582
Lenor Fabric Conditioner Spring 1.05L,Lenor Fabric Conditioner Spring 1.05L is a trusted quality household cleaner or utility item good for routine housework with repeat buy reliability valued at £10.33,Household & Cleaning,1033
Heinz Baked Beans 415g tin,Heinz Baked Beans 415g tin is a smart store cupboard choice pantry line good for lunch prep with consistent in home results at £5.91,Groceries & Essentials,591
Cadbury Mini Rolls 10 pack,Cadbury Mini Rolls 10 pack is a smart store cupboard choice snack item commonly used in sweet and savoury breaks with dependable storage life ticketed at £7.35,Treats & Snacks,735
Gillette Series Shave Gel Sensitive 200ml,Gillette Series Shave Gel Sensitive 200ml is a good kitchen performance personal care product a practical choice for before work prep with consistent in home results valued at £13.70,Health & Beauty,1370
Birds Eye Southern Fried Chicken 710g,Birds Eye Southern Fried Chicken 710g is a steady value frozen choice designed for family film nights with straightforward prep priced at £2.52,Frozen Food,252
Waitrose Blueberries 250g,Waitrose Blueberries 250g is a dependable household fit fresh selection built around quick kitchen prep with useful household fit priced at £4.46,Fresh Food,446
Birds Eye Steamfresh Broccoli 540g,Birds Eye Steamfresh Broccoli 540g is a well matched portioning frozen choice especially handy for last minute suppers with dependable storage life marked at £6.61,Frozen Food,661
Johnsons Baby Cotton Buds 100 pack,Johnsons Baby Cotton Buds 100 pack is a dependable household fit baby and toddler product reliable across bedtime routines with consistent in home results running at £15.35,Baby & Toddler,1535
Tresemme Moisture Rich Conditioner 680ml,Tresemme Moisture Rich Conditioner 680ml is a consistent results personal care product easy to use in home hygiene routines with familiar shopper confidence currently at £4.11,Health & Beauty,411
Catsan Hygiene Cat Litter 10L,Catsan Hygiene Cat Litter 10L is a well matched portioning pet care line designed for fussy eater support with useful household fit offered at £14.12,Pets,1412
Warburtons Fruity Teacakes 4 pack,Warburtons Fruity Teacakes 4 pack is a good kitchen performance bakery option well suited to grab and go bites with straightforward prep listed at £7.89,Bakery,789
Morrisons Bakery Tiger Bloomer 600g,Morrisons Bakery Tiger Bloomer 600g is a easy repeat buy bakery option easy to use in burger nights with dependable storage life currently at £6.11,Bakery,611
Haagen Dazs Vanilla 460ml,Haagen Dazs Vanilla 460ml is a steady value frozen choice designed for portion controlled prep with simple home handling offered at £8.94,Frozen Food,894
Pampers New Baby Nappies Size 1 22 pack,Pampers New Baby Nappies Size 1 22 pack is a reliable format baby and toddler product ideal for nappy changes with familiar shopper confidence coming in at £11.36,Baby & Toddler,1136
Scottex Original Toilet Roll 12 pack,Scottex Original Toilet Roll 12 pack is a balanced profile household cleaner or utility item commonly used in family home upkeep with dependable storage life ticketed at £11.71,Household & Cleaning,1171
Sainsburys Bakery Onion Bhajis 6 pack,Sainsburys Bakery Onion Bhajis 6 pack is a consistent results bakery option a practical choice for afternoon snacks with clear usage expectations at £4.99,Bakery,499
OREO Original Cookies 154g,OREO Original Cookies 154g is a trusted quality snack item often selected for weekend sharing with easy shelf or fridge placement shown at £3.43,Treats & Snacks,343
Johnsons Bedtime Baby Bath 500ml,Johnsons Bedtime Baby Bath 500ml is a dependable household fit baby and toddler product reliable across daily little one care with repeat buy reliability set at £10.62,Baby & Toddler,1062
Spontex Non Scratch Sponges 6 pack,Spontex Non Scratch Sponges 6 pack is a trusted quality household cleaner or utility item good for daily tidy ups with clear usage expectations valued at £11.53,Household & Cleaning,1153
Ella Kitchen Chicken Casserole Pouch 130g,Ella Kitchen Chicken Casserole Pouch 130g is a solid family option baby and toddler product built around bedtime routines with useful household fit priced at £19.52,Baby & Toddler,1952
Breeders Celect Cat Litter 20L,Breeders Celect Cat Litter 20L is a practical everyday use pet care line especially handy for fussy eater support with dependable storage life marked at £2.39,Pets,239
Warburtons Wholemeal Bread 800g,Warburtons Wholemeal Bread 800g is a easy repeat buy bakery option easy to use in grab and go bites with good value balance ticketed at £4.62,Bakery,462
Ritz Original Crackers 200g,Ritz Original Crackers 200g is a balanced profile snack item good for movie nights with repeat buy reliability valued at £4.87,Treats & Snacks,487
SMA First Infant Milk 800g,SMA First Infant Milk 800g is a reliable format baby and toddler product ideal for travel kits with steady everyday performance marked at £9.77,Baby & Toddler,977
Pedigree Dentastix Medium Dog 28 pack,Pedigree Dentastix Medium Dog 28 pack is a steady value pet care line a strong pick for training sessions with clear usage expectations running at £6.83,Pets,683
Cathedral City Cheddar 350g,Cathedral City Cheddar 350g is a dependable household fit fresh selection built around lunchbox planning with simple home handling priced at £5.21,Fresh Food,521
McCain Straight Cut Oven Chips 1.4kg,McCain Straight Cut Oven Chips 1.4kg is a well matched portioning frozen choice especially handy for portion controlled prep with familiar shopper confidence marked at £10.66,Frozen Food,1066
Kettle Sea Salt Crisps 130g,Kettle Sea Salt Crisps 130g is a trusted quality snack item often selected for sweet and savoury breaks with useful household fit listed at £2.92,Treats & Snacks,292
Simple Kind to Skin Face Wash 150ml,Simple Kind to Skin Face Wash 150ml is a consistent results personal care product easy to use in before work prep with dependable storage life currently at £3.48,Health & Beauty,348
Sheba Fine Flakes Poultry 12 pack,Sheba Fine Flakes Poultry 12 pack is a well matched portioning pet care line designed for active pet days with simple home handling offered at £2.68,Pets,268
Sainsburys Bakery Pain au Chocolat 4 pack,Sainsburys Bakery Pain au Chocolat 4 pack is a good kitchen performance bakery option well suited to afternoon snacks with easy shelf or fridge placement listed at £4.81,Bakery,481
Radox Mineral Therapy Shower Gel 500ml,Radox Mineral Therapy Shower Gel 500ml is a easy repeat buy personal care product well suited to home hygiene routines with simple home handling shown at £4.68,Health & Beauty,468
Pedigree Adult Dry Dog Food Chicken 2.6kg,Pedigree Adult Dry Dog Food Chicken 2.6kg is a steady value pet care line a strong pick for fussy eater support with consistent in home results set at £16.81,Pets,1681
Tesco Plain Flour 1.5kg,Tesco Plain Flour 1.5kg is a trusted quality pantry line commonly used in family meals with good value balance currently at £6.66,Groceries & Essentials,666
Magnum Classic Ice Cream 4 pack,Magnum Classic Ice Cream 4 pack is a practical everyday use frozen choice a strong pick for portion controlled prep with a practical pack size set at £8.93,Frozen Food,893
Webbox Chomping Chews 6 pack,Webbox Chomping Chews 6 pack is a steady value pet care line a strong pick for treat rewards with repeat buy reliability running at £4.83,Pets,483
Nescafe Gold Blend 200g,Nescafe Gold Blend 200g is a trusted quality pantry line commonly used in meal planning with familiar shopper confidence ticketed at £6.66,Groceries & Essentials,666
Dreamies Chicken Cat Treats 60g,Dreamies Chicken Cat Treats 60g is a practical everyday use pet care line especially handy for training sessions with steady everyday performance coming in at £18.52,Pets,1852
Tesco Bakery Crumpets 6 pack,Tesco Bakery Crumpets 6 pack is a easy repeat buy bakery option easy to use in burger nights with dependable storage life currently at £4.98,Bakery,498
Whiskas Kitten Poultry Selection 12 pack,Whiskas Kitten Poultry Selection 12 pack is a steady value pet care line a strong pick for active pet days with a practical pack size set at £20.46,Pets,2046
Waitrose Cannellini Beans 400g tin,Waitrose Cannellini Beans 400g tin is a trusted quality pantry line commonly used in value focused shops with steady everyday performance currently at £3.47,Groceries & Essentials,347
Chicago Town Deep Dish Pepperoni 2 pack,Chicago Town Deep Dish Pepperoni 2 pack is a well matched portioning frozen choice especially handy for family film nights with good value balance coming in at £10.82,Frozen Food,1082
Astonish Bathroom Cleaner 750ml,Astonish Bathroom Cleaner 750ml is a trusted quality household cleaner or utility item good for daily tidy ups with clear usage expectations valued at £7.21,Household & Cleaning,721
Tesco British Strawberries 400g,Tesco British Strawberries 400g is a solid family option fresh selection ideal for quick kitchen prep with dependable storage life coming in at £7.64,Fresh Food,764
IAMS ProActive Health Cat Food 800g,IAMS ProActive Health Cat Food 800g is a practical everyday use pet care line especially handy for fussy eater support with dependable storage life marked at £11.80,Pets,1180
Tesco Frozen Berries 500g,Tesco Frozen Berries 500g is a well matched portioning frozen choice especially handy for portion controlled prep with familiar shopper confidence marked at £1.84,Frozen Food,184
Nakd Cocoa Delight Bars 4 pack,Nakd Cocoa Delight Bars 4 pack is a trusted quality snack item often selected for sweet and savoury breaks with useful household fit listed at £7.14,Treats & Snacks,714
Persil Bio Laundry Liquid 1.45L,Persil Bio Laundry Liquid 1.45L is a trusted quality household cleaner or utility item good for family home upkeep with consistent in home results at £8.99,Household & Cleaning,899
Silver Spoon Caster Sugar 1kg,Silver Spoon Caster Sugar 1kg is a smart store cupboard choice pantry line good for value focused shops with clear usage expectations valued at £6.71,Groceries & Essentials,671
M&S Scottish Salmon Fillets 2 pack,M&S Scottish Salmon Fillets 2 pack is a reliable format fresh selection reliable across quick kitchen prep with consistent in home results running at £9.35,Fresh Food,935
Plenty Original Kitchen Roll 2 pack,Plenty Original Kitchen Roll 2 pack is a trusted quality household cleaner or utility item good for routine housework with repeat buy reliability valued at £7.59,Household & Cleaning,759
M&Ms Peanut Pouch 125g,M&Ms Peanut Pouch 125g is a smart store cupboard choice snack item commonly used in sweet and savoury breaks with dependable storage life ticketed at £7.12,Treats & Snacks,712
Knorr Chicken Stock Cubes 8 pack,Knorr Chicken Stock Cubes 8 pack is a balanced profile pantry line often selected for value focused shops with easy shelf or fridge placement shown at £5.97,Groceries & Essentials,597
Tilda Jasmine Rice 1kg,Tilda Jasmine Rice 1kg is a trusted quality pantry line commonly used in meal planning with familiar shopper confidence ticketed at £1.31,Groceries & Essentials,131
Birds Eye Breaded Cod Fillets 4 pack,Birds Eye Breaded Cod Fillets 4 pack is a well matched portioning frozen choice especially handy for last minute suppers with dependable storage life marked at £8.97,Frozen Food,897
Nivea Creme Soft Shower Gel 500ml,Nivea Creme Soft Shower Gel 500ml is a consistent results personal care product easy to use in home hygiene routines with familiar shopper confidence currently at £7.61,Health & Beauty,761
Good Boy Pawsley Chewy Twists 90g,Good Boy Pawsley Chewy Twists 90g is a well matched portioning pet care line designed for fussy eater support with useful household fit offered at £1.55,Pets,155
Maltesers Chocolate Bag 102g,Maltesers Chocolate Bag 102g is a smart store cupboard choice snack item commonly used in movie nights with good value balance currently at £6.74,Treats & Snacks,674
Sudocrem Nappy Rash Cream 125g,Sudocrem Nappy Rash Cream 125g is a solid family option baby and toddler product built around travel kits with easy shelf or fridge placement offered at £18.91,Baby & Toddler,1891
Barilla Spaghetti 500g,Barilla Spaghetti 500g is a balanced profile pantry line often selected for lunch prep with useful household fit listed at £6.00,Groceries & Essentials,600
Sainsburys Basmati Rice 1kg,Sainsburys Basmati Rice 1kg is a trusted quality pantry line commonly used in value focused shops with steady everyday performance currently at £5.90,Groceries & Essentials,590
Lindt Excellence 70% Cocoa 100g,Lindt Excellence 70% Cocoa 100g is a smart store cupboard choice snack item commonly used in party bowls with familiar shopper confidence ticketed at £7.88,Treats & Snacks,788
Organix Carrot Sticks 15g,Organix Carrot Sticks 15g is a solid family option baby and toddler product built around bedtime routines with useful household fit priced at £2.92,Baby & Toddler,292
Tetley Tea Bags 80 pack,Tetley Tea Bags 80 pack is a balanced profile pantry line often selected for family meals with straightforward prep shown at £7.24,Groceries & Essentials,724
Galaxy Smooth Milk 135g,Galaxy Smooth Milk 135g is a balanced profile snack item good for movie nights with repeat buy reliability valued at £6.53,Treats & Snacks,653
Fairy Original Washing Up Liquid 433ml,Fairy Original Washing Up Liquid 433ml is a trusted quality household cleaner or utility item good for routine housework with repeat buy reliability valued at £7.82,Household & Cleaning,782
Quaker Rolled Oats 1kg,Quaker Rolled Oats 1kg is a smart store cupboard choice pantry line good for lunch prep with consistent in home results at £2.13,Groceries & Essentials,213
Sainsburys Hash Browns 750g,Sainsburys Hash Browns 750g is a practical everyday use frozen choice a strong pick for portion controlled prep with a practical pack size set at £10.51,Frozen Food,1051
Alpro Oat Drink 1L,Alpro Oat Drink 1L is a reliable format fresh selection reliable across salad bowls with repeat buy reliability set at £9.74,Fresh Food,974
Aptamil First Infant Milk 800g,Aptamil First Infant Milk 800g is a reliable format baby and toddler product ideal for daily little one care with good value balance marked at £14.84,Baby & Toddler,1484
Aveeno Baby Daily Care Lotion 150ml,Aveeno Baby Daily Care Lotion 150ml is a solid family option baby and toddler product built around travel kits with easy shelf or fridge placement offered at £16.61,Baby & Toddler,1661
Tesco Mushrooms 300g,Tesco Mushrooms 300g is a reliable format fresh selection reliable across fresh snacking with clear usage expectations set at £4.84,Fresh Food,484
Morrisons Swing Bin Bags 30 pack,Morrisons Swing Bin Bags 30 pack is a balanced profile household cleaner or utility item commonly used in routine housework with good value balance currently at £14.48,Household & Cleaning,1448
Morrisons Chicken Breast Fillets 600g,Morrisons Chicken Breast Fillets 600g is a dependable household fit fresh selection built around lunchbox planning with simple home handling priced at £9.70,Fresh Food,970
LOréal Men Expert Face Wash 100ml,LOréal Men Expert Face Wash 100ml is a consistent results personal care product easy to use in before work prep with dependable storage life currently at £12.23,Health & Beauty,1223
Youngs Fish Fingers 10 pack,Youngs Fish Fingers 10 pack is a steady value frozen choice designed for family film nights with straightforward prep priced at £2.45,Frozen Food,245
Cravendale Semi Skimmed Milk 2L,Cravendale Semi Skimmed Milk 2L is a solid family option fresh selection ideal for fresh snacking with steady everyday performance marked at £6.74,Fresh Food,674
Kingsmill 50 50 Medium 800g,Kingsmill 50 50 Medium 800g is a easy repeat buy bakery option easy to use in burger nights with dependable storage life currently at £3.58,Bakery,358
Belvita Soft Bakes 5 pack,Belvita Soft Bakes 5 pack is a trusted quality snack item often selected for weekend sharing with easy shelf or fridge placement shown at £7.61,Treats & Snacks,761
Morrisons Bakery Cinnamon Swirls 4 pack,Morrisons Bakery Cinnamon Swirls 4 pack is a consistent results bakery option a practical choice for grab and go bites with repeat buy reliability at £3.28,Bakery,328
Dolmio Bolognese Sauce 500g,Dolmio Bolognese Sauce 500g is a smart store cupboard choice pantry line good for family meals with repeat buy reliability valued at £5.60,Groceries & Essentials,560
Pantene Repair and Protect Conditioner 400ml,Pantene Repair and Protect Conditioner 400ml is a good kitchen performance personal care product a practical choice for before work prep with consistent in home results valued at £8.98,Health & Beauty,898
Carex Original Hand Wash 500ml,Carex Original Hand Wash 500ml is a easy repeat buy personal care product well suited to before work prep with useful household fit shown at £14.17,Health & Beauty,1417
